county_name,median_income
United States,"80,734"
California,"99,122"
Trinity County,"53,002"
Imperial County,"57,681"
Siskiyou County,"59,095"
Modoc County,"59,455"
Lake County,"60,621"
Humboldt County,"61,160"
Sierra County,"63,355"
Tehama County,"63,784"
Merced County,"65,510"
Plumas County,"66,031"
Del Norte County,"67,058"
Glenn County,"67,139"
Lassen County,"67,403"
Butte County,"67,928"
Mendocino County,"68,092"
Mariposa County,"68,412"
Kern County,"70,210"
Kings County,"70,995"
Tulare County,"71,300"
Shasta County,"72,636"
Inyo County,"73,991"
Fresno County,"74,201"
Colusa County,"75,672"
Yuba County,"76,373"
Madera County,"76,627"
Tuolumne County,"77,404"
Calaveras County,"78,647"
Sutter County,"79,704"
Stanislaus County,"81,468"
San Bernardino County,"85,478"
Amador County,"88,044"
Nevada County,"89,882"
Los Angeles County,"90,112"
Yolo County,"91,752"
Sacramento County,"92,175"
San Joaquin County,"92,179"
Riverside County,"93,074"
Monterey County,"97,230"
San Luis Obispo County,"97,446"
Santa Barbara County,"98,161"
Mono County,"99,415"
Solano County,"100,401"
Sonoma County,"104,674"
Alpine County,"105,521"
San Diego County,"106,268"
El Dorado County,"108,845"
Ventura County,"109,797"
Santa Cruz County,"111,093"
Napa County,"111,471"
San Benito County,"114,394"
Placer County,"115,998"
Orange County,"116,289"
Contra Costa County,"127,229"
Alameda County,"129,367"
San Francisco County,"140,970"
Marin County,"149,091"
San Mateo County,"158,855"
Santa Clara County,"164,281"
